brain_region,gene_id,sample_count,sum_expression,effect_size_8,p-value_8,power_8,t_stat_8,effect_size_16,p-value_16,power_16,t_stat_16,effect_size_32,p-value_32,power_32,t_stat_32,effect_size_64,p-value_64,power_64,t_stat_64,effect_size_128,p-value_128,power_128,t_stat_128,effect_size_256,p-value_256,power_256,t_stat_256
4254,6496,264,619.0007544443456,0.4964295624529104,0.01953125,0.3533638193380537,33.0,0.20568433513787843,0.5895538330078125,0.19519293855019193,64.0,0.191945695653625,0.85246486752294,0.28004388999280316,208.0,0.10266962093151905,0.9974094793229592,0.20261938624636633,622.0,0.12167215582481326,0.9969026460315505,0.39141799181763304,2977.0,0.024310208762134564,0.9999999812532046,0.10439109186082529,9923.0
4722,3338,473,744.0601518071928,-22.664250683041484,1.0,0.0,0.0,-20.117320491852883,1.0,0.0,0.0,-1.3342523456399125,0.9999991334043443,2.220446049250313e-14,35.0,-1.9670792337591012,0.9999999999599127,0.0,68.0,-1.6847747737503298,1.0,0.0,395.0,-1.735684885977185,1.0,0.0,1549.0
4722,4855,308,919.4850880176728,-3.8453978997053846,1.0,0.0,0.0,-2.3947971368959817,1.0,0.0,0.0,-1.163598727637752,0.999998843530193,2.3160029449798003e-11,37.0,-1.3025725883169048,0.9999999990055348,0.0,143.0,-1.2580622991402037,1.0,0.0,572.0,-1.2251472227311389,1.0,0.0,2476.0
4251,7127,275,2331.974890693801,0.7225773217241017,0.07421875,0.5781137137790847,29.0,0.1925496624091792,0.23187255859375,0.18165554246763616,83.0,0.1177855886377888,0.20523177459836006,0.1603483832544762,309.0,0.11817182110639536,0.12640173054949772,0.23897027274256677,1211.0,0.0751715941088756,0.13751081611370508,0.21217112346182054,4587.0,0.05799426209923584,0.16420144421685412,0.23594536512594033,17607.0
4254,1632,264,1137.1141897476246,-0.31676918088882483,0.90234375,0.006916534150200104,9.0,-0.014702941998230704,0.6471405029296875,0.04446433552056972,61.0,0.06892815795859668,0.4232299099676311,0.10322560332915187,275.0,-0.005499312745093903,0.6583436736637763,0.04566931852521117,979.0,-0.01431180320837004,0.7766752886188903,0.03546594278775106,3808.0,-0.007400543628902927,0.8357987600005963,0.03895457325050411,15289.0
4254,1009571,288,1336.2211049216423,-0.6125846684140951,0.9609375,0.0006205988079577285,6.0,-0.2050959871050072,0.85107421875,0.007557323543106009,48.0,-0.30747642809162296,0.9702270163688809,0.0004081199846018846,164.0,-0.20678449089198112,0.9634536365713727,0.0005161249785197164,772.0,-0.27254218192841073,0.9980704309298989,1.225791059322745e-06,2913.0,-0.23760794159821533,0.999796063740764,2.6270657205174075e-08,12256.0
4258,3332,273,606.4122832016815,-3.369349935588689,1.0,0.0,0.0,-0.29187923343399425,0.8843994140625,0.0028723727373145547,45.0,-0.4130825826641245,0.9845390680711716,4.208705229513665e-05,150.0,-0.3839423469444089,0.9986658780554433,1.4061326881753544e-06,595.0,-0.24796085685910427,0.9999649443311244,4.594720454442758e-06,2459.0,-0.2728254548680296,0.9999999984116846,4.4154668810136855e-10,9427.0
9520,2881,522,3117.541823311579,-0.7638338114224801,0.97265625,0.00014529156811304844,5.0,-0.5866593100177517,0.985504150390625,4.961633073652383e-05,27.0,-0.4713814259756256,0.9912698259577155,1.044387587079143e-05,139.0,-0.4262840746608406,0.9990202884971371,2.5853773621964393e-07,577.0,-0.5091943126410994,0.9999998584978245,4.183924429135288e-09,1969.0,-0.4787946557080872,0.999999999996302,9.2148511043888e-15,8325.0
4725,3335,341,804.620232036031,-1.982775890001474,0.99609375,0.0,1.0,-2.5704196208820442,0.9999847412109375,0.0,1.0,-0.6254158108690189,0.9997640924993902,1.613418183499249e-07,86.0,-0.839781979467496,0.9999999606461445,9.195644246062784e-12,237.0,-0.9076743313735992,0.999999999999998,0.0,824.0,-0.8389700267754384,1.0,0.0,3352.0
4740,2538,833,3986.570855448466,-0.38689293573140854,0.80859375,0.004107322682501358,12.0,0.22758500679832191,0.2640838623046875,0.21908193733741244,81.0,0.1329946453153453,0.40883714938536286,0.18170875999976788,277.0,0.07874026122495127,0.5106704409260953,0.15346651306060244,1036.0,0.047777366490236804,0.5689120253357649,0.13410601599288197,4055.0,0.06215935236420806,0.47881605874581973,0.25689697035952885,16511.0
4740,36362,578,1044.142215063565,-15.409815207319934,1.0,0.0,0.0,-17.93525913452514,1.0,0.0,0.0,-11.40530781722845,1.0,0.0,0.0,-4.833916721838088,0.9999999999982373,0.0,0.0,-4.494790742203801,1.0,0.0,0.0,-4.528706480002036,1.0,0.0,0.0
4254,1009608,384,1158.507605914684,-0.03766683141439522,0.92578125,0.040782623140683816,8.0,0.13483478945901986,0.8738861083984375,0.12933991591777672,46.0,-0.00039438253828774677,0.8950228444300592,0.04977527863636366,197.0,-0.0984196791273711,0.9320658728374109,0.007678907047348527,817.0,0.009757025796995217,0.9049668168020334,0.06238551943808679,3577.0,0.012612680205868398,0.9406240309641342,0.07442780603001298,14598.0
4722,4103,341,1303.2320591151624,-0.9312217786951482,0.98046875,2.439719626223802e-05,4.0,-1.515456623505656,0.9999237060546875,0.0,4.0,-0.8236473070899876,0.9999111099168658,0.0,75.0,-0.9820959313684681,0.999999987791519,1.9984014443252818e-15,206.0,-0.9210040825597339,0.9999999999999892,0.0,915.0,-0.862283654989182,1.0,0.0,3980.0
9520,1800,360,754.7862648131719,-2.2291358611950964,1.0,0.0,0.0,-3.110195461680673,1.0,0.0,0.0,-2.9322701115041307,0.9999999995343387,0.0,2.0,-2.508476039576597,0.9999999999973047,0.0,9.0,-1.647327820321675,1.0,0.0,249.0,-1.3378887290437198,1.0,0.0,1611.0
4281,2541,1680,10995.739704031646,0.6892785478372021,0.07421875,0.5449173800718169,29.0,0.3642922632250992,0.096405029296875,0.3999002800035629,94.0,0.36191507177387916,0.024884693091735244,0.6396221853723256,369.0,0.3917076079598696,0.002287686474787841,0.9271485011081464,1464.0,0.5099289540033677,2.919116712594442e-07,0.999999996017269,6229.0,0.39620627021409965,2.168973621145593e-09,0.9999999998845945,23410.0
4722,3336,275,681.2010422766957,-14.945152424382696,1.0,0.0,0.0,-4.3748782918050955,1.0,0.0,0.0,-2.3673097531382874,0.999999996740371,0.0,7.0,-2.418570905664177,0.9999999999943109,0.0,25.0,-2.182821652637692,1.0,0.0,133.0,-2.0567664197744495,1.0,0.0,688.0
4282,2880,450,2088.443793529816,-0.6002645597554461,0.92578125,0.0006939062616464486,8.0,-0.24578225668218381,0.8387451171875,0.0048629162792901415,49.0,-0.34579491249028665,0.966076104901731,0.00018580703660919795,167.0,-0.34136171781685326,0.994885668836705,6.902100607386608e-06,656.0,-0.4189868008048809,0.9999771075620753,0.0,2414.0,-0.4588102387727035,0.999999999776609,1.0602629885170245e-13,9052.0
4360,36362,272,571.7234558897019,-0.8272316970072087,0.97265625,7.556956754539712e-05,5.0,-1.2492948031644373,0.999786376953125,0.0,7.0,-0.9556533491383665,0.9999919838737696,0.0,52.0,-1.547989391255816,0.9999999999766127,0.0,65.0,-1.976053467641788,1.0,0.0,93.0,-2.4881491833408167,1.0,0.0,108.0
4251,2556,450,2503.297723562645,0.15779051182729903,0.421875,0.10746491048482643,20.0,-0.01710956091780982,0.5500335693359375,0.04360710516659516,66.0,0.07720332503995833,0.3457891314756125,0.11168979606847718,286.0,-0.057894849518950305,0.7439082040858427,0.017729605196528886,942.0,-0.03998897275155537,0.7465024125523056,0.018091007754975186,3849.0,-0.02412938946901766,0.6743611851347123,0.02118327629514616,15912.0
4282,6112,350,3182.0184160612907,0.19722657642258185,0.15625,0.127312091538347,26.0,0.05113560369096779,0.201873779296875,0.07361864871079504,85.0,0.07322371222453078,0.10158931463956833,0.10755928255327485,333.0,0.04211993845414736,0.08313124513293729,0.09484466481426501,1247.0,0.030051087721166228,0.05343896535333108,0.09566207828767703,4806.0,0.007996310439193691,0.018517548870446397,0.06460158023356621,18921.0
4254,3332,312,803.7777446265079,-1.348501655745524,0.99609375,1.233139708123332e-07,1.0,-0.18555818556231962,0.996185302734375,0.009265946100267652,19.0,-0.23046091693430315,0.9997832761146128,0.001746141517822264,85.0,-0.2723938391459269,0.9999995417429316,7.207163306566233e-05,306.0,-0.01711232242491394,0.999553586124719,0.033073268869648786,2731.0,-0.06684387613503141,0.9999999949265266,0.0033487188307250726,9655.0
9520,4103,558,2953.602706484557,-0.030301922248967644,0.3203125,0.04246797014278447,22.0,-0.6174197837769876,0.97467041015625,3.028868435051013e-05,31.0,-0.2424289256208881,0.8609351590275764,0.0014086950804937937,206.0,-0.14888835861585822,0.8095021386286834,0.0023765791728647123,909.0,-0.18676586848166057,0.9650185534837656,8.95895677330838e-05,3366.0,-0.1535305542316077,0.9821229147375565,2.1121728529971406e-05,13958.0
4741,2881,435,3539.7287279901084,0.4993980756901773,0.15625,0.35617179404303567,26.0,0.769465260108015,0.0054931640625,0.9014370988183005,116.0,1.0434849863991462,1.0021030902862549e-06,0.9999999982135431,493.0,0.8677287809390148,1.85828331449982e-08,0.9999999999980648,1863.0,0.8064905321297836,3.006024671403179e-14,1.0,7285.0,0.9872311076640913,7.021442865522848e-32,1.0,30313.0
4367,2538,441,2032.594968775049,-0.022529280185944005,0.578125,0.044306951447529164,17.0,-0.1203085388586461,0.8258056640625,0.01764285093536666,50.0,-0.15262199351262087,0.9281109247822315,0.0063922459045121505,186.0,-0.049444782694729676,0.8166874605640557,0.02086544420261871,905.0,0.036292727294532014,0.6186835913332158,0.10814908825162295,4001.0,-0.0052743704654434195,0.8525256700418153,0.04190275714017078,15206.0
4722,2881,319,2546.6421230316028,0.5417707773365947,0.125,0.39701608007983036,27.0,0.8354606769061163,0.001678466796875,0.9383147912608271,122.0,1.0571770566074594,1.7741695046424866e-07,0.9999999988863411,504.0,0.8235091878456364,3.391688908413163e-08,0.9999999999777215,1847.0,0.8116881475884699,2.2877656369757362e-14,1.0,7300.0,0.9257693100126503,1.337914487674777e-30,1.0,30013.0
4740,2882,357,1297.5883332861297,-0.7088001245934299,0.90234375,0.00025076401572965423,9.0,-0.6012383283032586,0.9477081298828125,3.933290221735941e-05,37.0,-0.4912627122419074,0.9925983715802431,6.346295713721695e-06,136.0,-0.7124746524899683,0.9999982674402794,5.99750116236919e-09,346.0,-0.6073256780132505,0.999999998184582,3.1853408799520366e-12,1647.0,-0.7043572219718903,1.0,0.0,5470.0
4255,2539,494,2837.590072678146,0.14083247978023683,0.37109375,0.09964918725330474,21.0,-0.12691045470605217,0.752288818359375,0.016572224901639898,55.0,-0.11231381522349958,0.7729776042979211,0.011708653125568236,224.0,-0.09611341353746149,0.8484658260879305,0.008073515964366007,886.0,-0.13669217207372683,0.9633330867261142,0.0007283838990534974,3375.0,-0.0829779838787819,0.9260558147185638,0.0014939055836151738,14732.0
4291,1800,260,1535.2593506826915,2.8794006059896193,0.00390625,0.9999999999999998,36.0,2.0188122377962805,3.0517578125e-05,0.9999999999999997,135.0,1.854663483290045,2.3283064365386963e-09,1.0,523.0,1.5449001595863057,1.957317319996751e-11,1.0,2028.0,0.9664330381218337,5.325089861662877e-16,1.0,7500.0,1.155870804916799,2.0066357611837807e-34,1.0,30891.0
4282,2539,650,3767.473449170842,0.9056842800583408,0.02734375,0.7451203864771103,32.0,-0.0368991797364151,0.5500335693359375,0.037052625837058484,66.0,-0.007502084876122457,0.45229780417867005,0.04586170306197157,271.0,-0.024628824419605573,0.5716447515935913,0.0329001690559646,1013.0,-0.08289353917384101,0.7994020984018212,0.004972803349230781,3775.0,-0.07302785875785514,0.8343336818447409,0.0024754761211844833,15296.0
4251,3332,325,804.1158918057683,-5.32057316560712,1.0,0.0,0.0,-0.44946617878241485,0.9979095458984375,0.00038124582835152854,16.0,-0.3576035453680837,0.9999590404331684,0.0001445527143860703,67.0,-0.340600582721803,0.999998539173973,7.094230902171539e-06,341.0,-0.22025092711510308,0.9999999162552367,1.8654274620444333e-05,1928.0,-0.14058359206254978,0.9999999997951489,5.0484942516915154e-05,9036.0
4258,2555,378,3078.8470755947646,-0.4482843956704391,0.90234375,0.002537147572159837,9.0,-0.14085844886000354,0.7017059326171875,0.014491779592814336,58.0,-0.2616722892713775,0.9331805219408125,0.0009888668844222348,184.0,-0.31497576930565,0.9876800369302743,1.751395134486078e-05,704.0,-0.2827339430206695,0.9982114712973785,6.935643599437213e-07,2903.0,-0.18676503118947907,0.996372783960158,1.8704579358708173e-06,13264.0
4255,3340,323,1224.4832060044955,0.30445460036900224,0.3203125,0.19346722884719436,22.0,0.013878745347407554,0.76812744140625,0.05571620303555491,54.0,0.142420954676611,0.6335590544622391,0.19580089962281955,246.0,0.20671249593408644,0.4786665120430768,0.49643147531939036,1048.0,0.21977077015969707,0.43389323637644556,0.7962464563881246,4198.0,0.24474459815186192,0.23030256433196283,0.9881092790300366,17323.0
4251,1121,550,2293.227185641655,-0.06314367978078797,0.62890625,0.03536490264950354,16.0,-0.34678965142749035,0.92047119140625,0.001477333491906263,41.0,-0.15824541887861554,0.9049527810420841,0.005853561003037799,194.0,0.00864409149767141,0.6632366563037325,0.05746224236040798,977.0,0.06030161384447699,0.4413902587421139,0.16695992113205338,4190.0,0.1630162025169763,0.029509300303789517,0.8305841967241036,18687.0
4256,36362,714,1547.8737221658744,-11.86427696956526,1.0,0.0,0.0,-8.290169802261271,1.0,0.0,0.0,-5.649409326531766,1.0,0.0,0.0,-4.730333830832019,0.9999999999982385,0.0,0.0,-2.87767339918814,1.0,0.0,0.0,-1.502474773275492,1.0,0.0,1155.0
4432,3335,465,1124.910489566599,-1.1031777143761488,0.9921875,3.202492312892602e-06,2.0,-1.6967560093483003,0.999969482421875,5.7235327588500695e-12,2.0,-0.589108857905583,0.9995814077556133,4.608206202183496e-07,93.0,-0.7429401633196075,0.9999998439097606,1.3948173727129642e-09,275.0,-0.9216124924381573,0.9999999999999971,0.0,846.0,-0.8926930073521471,1.0,0.0,3365.0
4741,2556,270,1511.56597341089,0.13304033148035846,0.37109375,0.0961996072152369,21.0,0.12763978392332223,0.3342742919921875,0.12363528786466194,77.0,0.1289564097252556,0.25595607375726104,0.17587081391012083,300.0,0.04486810603049115,0.39197019278539447,0.09856892402346218,1081.0,0.016430949647806056,0.5132800168329742,0.07215237095324833,4114.0,-0.00890141926065284,0.7411125732496809,0.03697690025295752,15681.0
4254,3335,744,2190.009879734439,-0.8429705562772999,0.9453125,6.398228200044098e-05,7.0,-1.2577789382253766,0.9994964599609375,0.0,10.0,-0.6367538560632309,0.9996970777865499,1.1566493840486913e-07,89.0,-0.49775204932164474,0.9999503155499386,1.1254952192452095e-08,458.0,-0.3834561539943816,0.999998725111646,8.436410459111698e-10,2150.0,-0.5320980373113401,0.9999999999999999,0.0,6683.0
4738,2538,735,3513.1484062393333,-0.4123592150359165,0.80859375,0.0033731388030424636,12.0,0.2197463894643388,0.3160858154296875,0.210344868508344,78.0,0.09712274770233388,0.5036778950598091,0.1340684686039164,264.0,0.07657862364992703,0.505335697667065,0.1494521328802234,1038.0,0.08054313416821146,0.4254877753784726,0.2301166762147383,4207.0,0.02154460799929371,0.7457381338119399,0.09662007857288457,15664.0
4255,1800,380,831.4030057440364,-1.559597759929569,0.9921875,4.520995577905751e-09,2.0,-2.403064458794364,0.999969482421875,0.0,2.0,-0.9770522598796364,0.9999841235112399,0.0,58.0,-1.1289963472485902,0.9999999974668108,0.0,166.0,-1.2478970389976285,1.0,0.0,548.0,-1.1302149412148899,1.0,0.0,2430.0
4738,4855,420,1241.7808853030133,-3.599751176629211,1.0,0.0,0.0,-3.275292378487526,1.0,0.0,0.0,-1.3428095307622774,0.9999984693713486,1.5210055437364645e-14,39.0,-1.4412031629234923,0.9999999990455739,0.0,142.0,-1.343986565159363,1.0,0.0,582.0,-1.2671380826836092,1.0,0.0,2520.0
4720,2539,286,1625.9780958974898,0.2780643204642926,0.37109375,0.1755223278785052,21.0,0.037493045377645945,0.4499664306640625,0.06661198713318872,71.0,-0.08524473478770851,0.6473728844430298,0.017142474438398336,244.0,-0.0761504931975104,0.6334718247057887,0.012301892676136128,989.0,-0.08667778450670154,0.7326008246628557,0.004392595581761971,3867.0,-0.06363813310508044,0.656554336132492,0.0039027512126896813,15970.0
4740,2555,306,2341.196985205572,-1.1649307511002953,0.9921875,1.469425881861497e-06,2.0,-0.44245357451363204,0.953277587890625,0.0004201462917496901,36.0,-0.5818684779162447,0.9985262954141945,5.643939905430884e-07,110.0,-0.40421553237362257,0.9984410933921909,6.340707477958674e-07,598.0,-0.30651314104160476,0.9994666851458295,1.745817475029554e-07,2752.0,-0.36612982965303004,0.9999999724405777,2.3412838334735397e-09,10004.0
4258,3338,903,2059.5245709577284,-6.842088748152361,1.0,0.0,0.0,-1.9588921906204673,1.0,2.3314683517128287e-15,0.0,-0.8257893163081773,0.999990988522768,0.0,53.0,-1.3823878077177625,0.9999999998798462,0.0,93.0,-1.3845156530658234,1.0,0.0,469.0,-1.1338434936952473,1.0,0.0,2516.0
4256,3335,651,1755.1620009098096,-1.3502481690004502,0.9921875,1.2023329021282336e-07,2.0,-1.4799326862952138,0.9999237060546875,0.0,4.0,-0.6968558865407132,0.9995099573861808,1.7440843991245458e-08,95.0,-0.7290097801670921,0.9999979002905323,2.7370619104516436e-09,352.0,-0.539221758872895,0.9999999954248882,5.283624648910745e-10,1712.0,-0.673908178210657,1.0,0.0,5542.0
4255,1009608,304,878.4237633932514,-0.6420423523919684,0.92578125,0.0004732870624777341,8.0,-0.47194761394253726,0.963043212890625,0.00027792489225231254,34.0,-0.40800338171267503,0.9930010347161442,4.729693575422633e-05,135.0,-0.30352237887912625,0.9983006018583769,2.589812295017424e-05,602.0,-0.1173193047447476,0.9959666199150502,0.0015127321132000215,3014.0,-0.10657309735718405,0.999116401511186,0.00041065071773549455,12740.0
4738,1121,330,693.8600227888821,-4.651486279482967,1.0,0.0,0.0,-2.4121145935353665,0.9999847412109375,0.0,1.0,-1.2499245592688482,0.9999979892745614,7.710498906021712e-13,41.0,-1.0334498007690143,0.999999957620116,1.1102230246251565e-16,239.0,-1.1355901529835626,0.9999999999999918,0.0,902.0,-1.2104813538353993,1.0,0.0,3082.0
4251,4891,400,2938.800682532559,8.083604288215328,0.00390625,1.0,36.0,3.6623695146326853,1.52587890625e-05,1.0,136.0,3.497613975133468,2.3283064365386963e-10,1.0,528.0,3.2679010797117054,1.7627490366353699e-12,1.0,2080.0,2.5771831902119664,6.459992259328586e-23,1.0,8243.0,1.8397352118992039,2.6990695477827857e-42,1.0,32550.0
4741,1121,330,689.0614667319207,-2.0870405269369225,1.0,0.0,0.0,-2.3032661513886765,1.0,0.0,0.0,-1.1124691165152412,0.9999970125500113,1.5561829602717125e-10,44.0,-1.012782567901997,0.9999999409843165,2.220446049250313e-16,248.0,-1.076493786440105,0.999999999999962,0.0,985.0,-1.1616650247108895,1.0,0.0,3440.0
4282,2540,275,1227.5906603201718,-0.7683299734960958,0.97265625,0.00013883214639343056,5.0,-0.543271377997192,0.971160888671875,9.729687365578332e-05,32.0,-0.7700852249402417,0.9998010497074574,1.200248234134449e-09,84.0,-0.7273725522198609,0.999998478369548,2.9603834938995988e-09,342.0,-0.7253267034541212,0.9999999999769039,1.1102230246251565e-16,1360.0,-0.6483626473956231,1.0,0.0,6167.0
4258,1121,462,1088.581082581029,-2.5954720810924163,1.0,0.0,0.0,-0.5544870130321761,0.996185302734375,8.195932667187655e-05,19.0,-0.5931716199136249,0.9994278349913657,4.106125789382631e-07,97.0,-0.722162317467967,0.9999953765608566,3.795476377632667e-09,378.0,-0.7080609058350169,0.9999999997836848,5.551115123125783e-16,1510.0,-0.7048754231168556,1.0,0.0,6271.0
4258,5141,294,2503.548612194959,1.8889893804562574,0.00390625,0.9990685811624297,36.0,1.7062049534679335,4.57763671875e-05,0.9999999999955982,134.0,1.6817250231587304,1.0011717677116394e-08,1.0,518.0,1.6640968156635967,1.1348946760822588e-11,1.0,2040.0,1.584687133574866,4.248681201761638e-21,1.0,8061.0,1.7406186408588349,3.4156685521346116e-41,1.0,32328.0
4251,4103,775,4394.745854277828,0.6214011128250717,0.07421875,0.47644499037164845,29.0,-0.14798054681148556,0.6839141845703125,0.01351898287502018,59.0,0.08070037923544092,0.3457891314756125,0.11541204887794176,286.0,0.22594517468782502,0.04928627142819588,0.5569528796856429,1287.0,0.22703417739543963,0.005658910994578683,0.8185948887820206,5193.0,0.19526320445123763,0.0011248399389075547,0.9293616185935243,20071.0
4256,3338,903,5998.271759872141,0.16774125436312334,0.37109375,0.11225043135367119,21.0,0.9360176753533022,0.0020904541015625,0.9727606716910896,121.0,1.4712780230140237,5.8906152844429016e-08,1.0,510.0,1.3399725644325662,1.0099714595001014e-10,1.0,1991.0,0.9212211353092906,6.531502675285376e-15,1.0,7368.0,1.007384331941821,1.4320662000699644e-30,1.0,30006.0
4254,2540,264,1867.211783841311,0.4746407189725506,0.19140625,0.3330001490321577,25.0,0.773018669665826,0.0045928955078125,0.9037639638029743,117.0,0.5370037199261665,0.0036666702944785357,0.9075068991685015,405.0,0.4934176802418567,0.0002594407331707913,0.9880769358848784,1559.0,0.3770628946342406,3.296214393137564e-05,0.9953150351222362,5806.0,0.4326774164672136,1.0265137761225447e-10,0.9999999999977865,23987.0
9520,2880,324,2403.72555638064,0.7201225706009068,0.09765625,0.575683235294723,28.0,1.1282850913022966,0.0005035400390625,0.9960127103815533,127.0,0.846032533827195,5.515199154615402e-05,0.9987907011761186,459.0,0.6370483835607021,8.03666941327044e-06,0.9996579383901987,1685.0,0.6157875411235058,1.763810178207089e-09,0.9999999999983793,6611.0,0.6310520518062886,6.730152452833918e-18,1.0,26575.0
4739,4855,532,1484.9050693498468,-5.60603922115585,1.0,0.0,0.0,-6.503032557423577,1.0,0.0,0.0,-1.3001043198303126,0.9999956260435283,9.581224702515101e-14,47.0,-1.415157214475288,0.9999999984739957,0.0,154.0,-1.537046570520957,1.0,0.0,561.0,-1.2885774506568808,1.0,0.0,2704.0
4254,7127,264,2204.001178473415,0.5783683386266822,0.09765625,0.43321437604904167,28.0,0.13306218348647525,0.3160858154296875,0.12791786218077372,78.0,0.101697661109624,0.27417157404124737,0.13961563794076604,297.0,0.0993524078818192,0.16114731826160383,0.19529337817086034,1188.0,0.04539708673429126,0.32141723706199854,0.12840234127091277,4323.0,0.0038337983795257626,0.45802633718865915,0.05663380643496052,16573.0
4254,6823,312,2689.201885069546,-0.879071613555934,0.98828125,4.340381371792379e-05,3.0,-0.0887733258478411,0.6090240478515625,0.02360572388531479,63.0,0.4024305085228462,0.012635206570848823,0.7195489944206637,383.0,0.7047251536490782,7.610356221505608e-07,0.9999577156398952,1759.0,0.8430980246818508,1.940854420189929e-14,1.0,7309.0,0.7127722118194869,6.62873873817276e-23,1.0,28050.0
4251,1010947,275,927.2501317104916,-0.591470274642692,0.90234375,0.0007510186411646691,9.0,-0.49287931196238527,0.9583740234375,0.0002057598133619054,35.0,-0.35118592328045795,0.971516092075035,0.00016576854155203602,163.0,-0.2622565834686538,0.9737791623999262,9.933515111026914e-05,750.0,-0.1934584302051731,0.9876917505457622,6.618309247397036e-05,3183.0,-0.21362138996149363,0.9997502015497476,2.1566042107679095e-07,12320.0
4720,2541,1232,3777.5062076385616,-0.915654876796661,0.98046875,2.9030744146951726e-05,4.0,-1.2231867415707915,0.9996185302734375,0.0,9.0,-1.3412088636038937,0.9999997895210981,1.63202784619898e-14,26.0,-1.6056654553078955,0.9999999999857467,0.0,45.0,-1.2881259328880932,1.0,0.0,278.0,-1.3441616709910942,1.0,0.0,1201.0
4254,3336,600,4131.466828250295,-1.0021531779618078,0.97265625,1.0819344534840347e-05,5.0,-0.9061777357730435,0.996856689453125,1.5206140602241902e-07,18.0,-0.3503711142246887,0.967508148169145,0.0001686616104125127,166.0,-0.14041220677369812,0.8021464525331341,0.002923762197716284,913.0,-0.006709645539931514,0.30041992212373464,0.042683385975573085,4348.0,-0.030410239420754957,0.3465525626768791,0.016580477383443593,16916.0
4282,1259,2225,15845.935839230238,1.451647166031011,0.0078125,0.978648308351141,35.0,0.657115533985755,0.0054931640625,0.8057217675525362,116.0,0.5574423584984823,0.0013751669321209192,0.9248601009015611,420.0,0.7339695099803397,9.294382288993706e-07,0.9999999978439856,1753.0,0.7446946384015457,6.961331342980662e-12,1.0,6970.0,0.8780561615146886,5.1038612818821146e-26,1.0,28881.0
4251,6496,275,604.3663933273244,0.2719816317750973,0.7265625,0.17153935435027856,14.0,0.026450721249482893,0.9832305908203125,0.06132777542947476,28.0,0.053677275299918,0.9950452374760062,0.08886423915453001,129.0,0.00730878146931358,0.9999826342241588,0.05625540525079509,421.0,0.05024021236738101,0.9999443689908084,0.1401882605013438,2503.0,-0.0635469925133944,0.9999999999921825,0.0039196384694834,8453.0
4281,2538,735,3256.9584512566475,-0.5631414262076961,0.92578125,0.0009656409253580023,8.0,-0.2190090404454739,0.798126220703125,0.006515969196847493,52.0,-0.32892258453293255,0.973959127208218,0.00026412192477431873,161.0,-0.21995254892089394,0.9623699737430008,0.0003548269835212947,774.0,-0.07759388935797533,0.8883147401101545,0.005899937565652547,3616.0,-0.0981751907717572,0.98189923097868,0.0006602142663962862,13964.0
4739,2556,342,1923.2797618704008,0.14430210798667545,0.2734375,0.10121374706501829,23.0,0.09505839705980351,0.3528594970703125,0.10001022949183924,76.0,0.09635115262793192,0.3058461030013859,0.13314802307927387,292.0,0.02815192123217622,0.4126654203093496,0.07750640427210687,1073.0,0.031095954872832957,0.37048692145147133,0.09767503525800536,4267.0,-0.0011503221818806282,0.6525134119520537,0.048135200942146406,15983.0
4282,4891,400,1188.1905763283437,4.291806744970832,0.00390625,1.0,36.0,2.907087085467915,1.52587890625e-05,1.0,136.0,0.7343241536275228,0.005901310360059142,0.992157095285893,397.0,0.7054811729918092,0.00014099034931364118,0.9999587526940937,1583.0,0.4711303650929647,4.484204993747777e-05,0.9998722633328833,5775.0,0.2113955431045089,0.03089073194965339,0.9580490671399017,18663.0
9520,4855,504,2602.726148205388,-0.7583774151462871,0.9609375,0.00015350777706257812,6.0,-0.32573439286418987,0.6839141845703125,0.0019156641086766069,59.0,-0.20775926107237744,0.7894370099529624,0.0025949243308964753,221.0,-0.18264457317698915,0.8621580330119842,0.0009990934249601846,877.0,-0.23151743565414268,0.9917924721482771,1.0672182967019772e-05,3119.0,-0.21275636716105542,0.9997314864082048,2.3201248366966354e-07,12343.0
4256,1800,420,1166.4256921065555,-0.8446835887143953,0.9453125,6.282728877615718e-05,7.0,-0.9051398504418264,0.9974212646484375,1.5534794861604695e-07,17.0,-0.7622493496083459,0.9996135185938329,1.1151699563782813e-09,92.0,-0.9118055228849926,0.9999998647400425,1.4999113062685865e-13,271.0,-0.6362933949271997,0.9999999996664796,3.036459972349803e-13,1532.0,-0.5544954823438564,0.9999999999999998,0.0,6839.0
4251,6535,275,851.675743449852,0.07413179007002081,0.6796875,0.07289941948060585,15.0,0.12606020341012364,0.7017059326171875,0.12240682028109584,58.0,-0.07512905336108809,0.9446759722195566,0.01966550545532253,179.0,-0.09523757533675269,0.9872917815391687,0.008227980251465317,706.0,-0.08057603726900613,0.9988879549856753,0.005360955411139234,2842.0,-0.10154865089851385,0.9999986802247904,0.0005466730308587575,10878.0
4722,2538,539,2601.7298665436265,-0.49723760757816604,0.90234375,0.0016984127363308676,9.0,0.23511078740479482,0.3528594970703125,0.2276628724206442,76.0,0.15631664161476225,0.3874759073369205,0.2177447140618365,280.0,0.14753266322567896,0.3490541689362876,0.31658697373108846,1098.0,0.14094930097270766,0.19530487566729182,0.47659742457031085,4489.0,0.0744553816582348,0.41487166748703624,0.32393344861375184,16703.0
4329,2541,784,4458.282873879427,0.36945134835541615,0.23046875,0.24214489513354576,24.0,0.04221194859507056,0.5100250244140625,0.06897478676857727,68.0,-0.10548614280296438,0.7196213216520846,0.012914987176872894,233.0,-0.14183854159818227,0.8338990284688221,0.002824392829307687,895.0,0.012325181782804437,0.4217625705800439,0.06601418926689773,4211.0,0.019095427074789766,0.3907242705174858,0.09010049129634945,16777.0
4739,2882,399,1479.647996787191,-1.4816425268203777,0.99609375,1.6795351109877288e-08,1.0,-1.1239536334029676,0.999786376953125,6.301071886483101e-10,7.0,-0.7236817208351837,0.9998597998637706,7.480610131338494e-09,80.0,-0.8228464989447829,0.9999999087181313,2.3087864953197368e-11,260.0,-0.8251486971259095,0.9999999999997857,0.0,1081.0,-0.73854012005557,1.0,0.0,5004.0
4254,1009377,264,1313.7447932739217,-0.6360563094739942,0.92578125,0.0005003099721533344,8.0,-0.6311714789346521,0.987518310546875,2.4186349643073868e-05,26.0,-0.5124194601585141,0.9947454135399312,3.6875033684324876e-06,130.0,-0.37591374235422215,0.9973539108598314,1.913576970657971e-06,623.0,-0.34468011258529424,0.9998060629162572,1.5912768214221273e-08,2636.0,-0.3308625236345554,0.9999983850157276,0.0,10927.0
4282,3066,300,1632.6309760299723,0.0008805267315542073,0.37109375,0.05023377106877647,21.0,-0.25107305071205416,0.71905517578125,0.004584449110468292,57.0,-0.004758783784407539,0.3457891314756125,0.0473418460071916,286.0,-0.11281493977045534,0.7810524956576026,0.005578056021069977,924.0,-0.08296266554290745,0.8092564258819261,0.004961620306627612,3760.0,-0.11494375212549175,0.9426869125479497,0.0002515586001916592,14577.0
4258,3340,357,1652.1800468940428,0.6645419743005379,0.09765625,0.5200229572837407,28.0,0.5447775131855954,0.0326995849609375,0.6680072158853242,104.0,0.6246135685761279,0.0011953501962125301,0.9648392819496665,422.0,0.7007777906269702,8.978876862490022e-07,0.999951885221286,1754.0,0.6059008661811549,4.907427627412716e-09,0.9999999999964341,6539.0,0.5354735444842236,5.820979200554908e-13,1.0,24879.0
4251,2539,650,3776.70349953714,0.40800389068340387,0.23046875,0.27385138497122197,24.0,-0.11439488660224925,0.7017059326171875,0.018651398689468635,58.0,-0.09217507984489638,0.7319687742274255,0.01557820189399417,231.0,-0.0204372337071296,0.6607918847526659,0.03541184365483774,978.0,-0.0960027539496017,0.9033448304853784,0.0032126984206530818,3581.0,-0.037293934976495705,0.7331356936340137,0.012546214319123283,15710.0
4254,2539,624,3694.057451880847,0.36543460873876016,0.37109375,0.23895835503814977,21.0,-0.04876527079635356,0.7359161376953125,0.03352426818930343,56.0,-0.07536898905570925,0.7673385262023658,0.01960219720989853,225.0,0.021292457138235642,0.5479069862768762,0.06992701248282995,1022.0,-0.013812042876015273,0.6937632694214985,0.03590749581619068,3915.0,0.006197077646855238,0.5030276718305636,0.06105674098515257,16439.0
4255,2882,399,1192.2803953688483,-0.8427243766821603,0.98046875,6.414989774683466e-05,4.0,-1.3078878043908666,0.999786376953125,0.0,7.0,-0.8467696944782098,0.9999802522361279,0.0,60.0,-0.6945274201519928,0.9999996275293875,0.0,300.0,-0.7219438112261557,0.999999999995618,1.1102230246251565e-16,1258.0,-0.7197090096707766,1.0,0.0,5337.0
4432,2882,315,1364.0956074728151,0.2986592932316501,0.15625,0.1894344625345019,26.0,0.14682841032648816,0.1877288818359375,0.13924890586555239,86.0,0.05174733229024504,0.32557414984330535,0.08715847687127565,289.0,0.0460270683775371,0.2714070916824829,0.10017121646645022,1131.0,-0.12287160800674704,0.8561173564317632,0.0012324220883642711,3681.0,-0.1251737803986955,0.9354757584692741,0.0001350854250358191,14648.0
4739,3338,817,1309.2874029074212,-5.045513241839548,1.0,0.0,0.0,-6.990818010695277,1.0,0.0,0.0,-1.2634776641220467,0.9999993562232703,4.424238753131249e-13,33.0,-1.9066300579353226,0.9999999999688368,0.0,65.0,-1.6085471164385603,1.0,0.0,389.0,-1.7149369277091109,1.0,0.0,1540.0
9520,2556,324,1333.9124402673,-4.917188390262917,1.0,0.0,0.0,-0.7531971154825117,0.9893035888671875,2.919343535356944e-06,25.0,-0.7436248352546891,0.9995814077556133,2.8235567217649304e-09,93.0,-0.8588090193665071,0.9999997536991078,3.199440712364776e-12,288.0,-0.6363732927748336,0.999999997811789,3.0164759579065503e-13,1660.0,-0.5702577036607424,0.9999999999999953,0.0,7260.0
4740,2556,306,1730.4009038537572,0.1727752198792032,0.2734375,0.11472815221258481,23.0,0.1429275815128769,0.3342742919921875,0.13597102270517591,77.0,0.13089932843849064,0.25002374965697527,0.17866465447039892,301.0,0.061774916500244054,0.29401676994044595,0.12385191911840354,1121.0,0.05966428377398798,0.28569700317908386,0.16517213704220957,4366.0,0.017376747918719133,0.5543295931618464,0.08572454063718993,16286.0
4367,2881,261,1837.483979632303,-0.390624664537011,0.80859375,0.003991515346387531,12.0,-0.11919401595628641,0.6839141845703125,0.01782929067753125,59.0,0.0041763359894193205,0.5110324665438384,0.052429637585319155,263.0,0.1755442309550434,0.062008895012853386,0.3991328192931777,1270.0,0.11381409012374846,0.06311358627941815,0.35790884258696454,4771.0,0.2586543714309013,1.4575841309288858e-06,0.9934786906056217,21994.0
4251,1800,500,1355.796997318931,0.22482741170251982,0.3203125,0.14262517486757742,22.0,-0.044140612589470954,0.7017059326171875,0.03486506887495244,58.0,-0.33359103433334863,0.9845390680711716,0.00023982812206346793,150.0,-0.4838702443245859,0.9998628418561235,2.1371102221223737e-08,496.0,-0.5876594115218509,0.9999999882533358,1.4793943847735136e-11,1780.0,-0.5536251319810052,0.999999999999997,0.0,7192.0
4251,3337,275,772.82726111169,-9.674087310245579,1.0,0.0,0.0,-0.1687731124002532,0.9974212646484375,0.010994485062964188,17.0,-0.060988104837361466,0.9907842359971255,0.023715630737648596,140.0,-0.014522108747099055,0.9993052296897339,0.03922169675784459,562.0,0.11495583201441908,0.9452575205035275,0.36271702673916184,3455.0,0.16854983231861403,0.7462711902666753,0.8519373343572224,15662.0
4258,2541,2352,14029.457914034478,0.4847970557091614,0.15625,0.3424366323723398,26.0,0.17250944163459758,0.28094482421875,0.16216269239324932,80.0,0.044193338446826394,0.5110324665438384,0.08071662299943339,263.0,-0.01538588372768068,0.6434951058668319,0.03864539031697867,985.0,0.12609881354785155,0.13388218330290336,0.410674242151189,4594.0,0.17988366255431307,0.004733036939963826,0.8898322538972898,19525.0
4256,4103,651,3593.6453131927256,0.3912346816696211,0.125,0.2598150258289652,27.0,-0.25070424278580516,0.7017059326171875,0.004603388838660849,58.0,0.0009451736828345156,0.4016841109842062,0.05054185555411439,278.0,-0.00449739229232186,0.3103440565746,0.04643504270066934,1114.0,-0.005991553367360818,0.3360342484921922,0.043422517711058095,4306.0,-0.04937815770333825,0.6670377329351298,0.007491019868020032,15936.0
4739,1800,380,613.8131080747775,-3.6761972380545958,1.0,0.0,0.0,-1.3818275742495654,0.998931884765625,0.0,13.0,-1.3234239693919745,0.9999997064005584,3.5416114485542494e-14,28.0,-1.297359878974636,0.9999999998455696,0.0,100.0,-1.8491311992820803,1.0,0.0,183.0,-1.9188251384823727,1.0,0.0,446.0
4254,4104,264,1982.8754369131304,-0.3749924775419835,0.84375,0.004496911530225245,11.0,0.1515207981318582,0.3160858154296875,0.143262535455158,78.0,0.33257511527025885,0.06681947805918753,0.5773758017511348,345.0,0.176972355500649,0.12779510514074854,0.4035027758245604,1210.0,0.08796500827042905,0.3421275293437812,0.2562526576786375,4299.0,0.10227754824514165,0.25616583409203963,0.4949113232789146,17225.0
4432,3336,375,1912.45200335871,-0.9445088781941083,0.97265625,2.100468543697609e-05,5.0,-0.85716399886923,0.996856689453125,4.064727708863458e-07,18.0,-0.5398559636108556,0.9967606461141258,1.7879829559142024e-06,122.0,-0.656894362123272,0.9999956502202767,0.0,375.0,-0.6882833305465385,0.9999999999692235,3.4416913763379853e-15,1378.0,-0.6870027382694087,1.0,0.0,5447.0
4291,2539,338,1980.1044174621477,0.5647983711560742,0.09765625,0.41971319403706586,28.0,0.024461588531347476,0.469940185546875,0.06041164948584332,70.0,0.0922675948951548,0.2803786783479154,0.1283491412004043,296.0,0.04575067101616033,0.32705393175957787,0.09978737500494272,1107.0,0.003291423222206964,0.3840387328774647,0.05393804050085893,4252.0,-0.010096952207773232,0.42112790965057756,0.03546096982966018,16684.0
4741,4103,465,1743.720739152831,-1.0288168691119963,0.98828125,7.899971260827421e-06,3.0,-1.4916110997837975,0.9999542236328125,0.0,3.0,-0.874773614962375,0.9999755462631583,0.0,62.0,-0.9984736799948957,0.9999999929044723,6.661338147750939e-16,192.0,-1.0018550022827022,0.9999999999999994,0.0,762.0,-0.8633236225989164,1.0,0.0,3968.0
4255,3338,817,4606.822367811098,0.04400081053873394,0.47265625,0.06277956610699231,19.0,0.8483339955830955,0.0045928955078125,0.9440518358622747,117.0,1.4046279532842256,1.4901161193847656e-07,0.999999999999999,505.0,0.7897875828846864,3.9997740277883257e-07,0.9999999998677724,1778.0,0.6564893937107793,3.650815603312742e-10,0.9999999999999446,6718.0,0.8424227607678896,2.2220371748536783e-25,1.0,28715.0
4741,2880,270,1351.3817239694552,-0.3762297218422955,0.80859375,0.004454928880235132,12.0,-0.17524314460156398,0.798126220703125,0.010297538721023791,52.0,-0.33848666156022966,0.9773024937603623,0.0002166020880096653,158.0,-0.39352025482805586,0.9986910802308717,9.677879010405732e-07,590.0,-0.24127426685297013,0.9958806117550356,6.497922783510468e-06,3017.0,-0.3016146353568145,0.9999968059004567,0.0,11096.0
4256,2555,378,2592.666419298498,-1.3131580837967318,0.99609375,2.0339817696779505e-07,1.0,-0.6997887061596313,0.996856689453125,7.561430781066747e-06,18.0,-0.8755471086775216,0.9999936823733151,0.0,50.0,-0.7130766827367937,0.9999996391935813,5.830369964598958e-09,299.0,-0.6399970501452886,0.9999999998152869,2.2315482794965646e-13,1493.0,-0.687782740378026,1.0,0.0,5533.0
9520,3335,558,1422.3313512487043,-3.9364480459158995,1.0,0.0,0.0,-5.514150455484472,1.0,0.0,0.0,-1.3212737881208498,0.9999989978969097,3.885780586188048e-14,36.0,-1.1088924133503684,0.9999999965114776,0.0,174.0,-1.1367832845730776,0.9999999999999999,0.0,692.0,-1.1774183586384042,1.0,0.0,2504.0
4329,2538,343,1587.9655341827424,-0.2655090568793863,0.62890625,0.009928761146480669,16.0,-0.061909577406521435,0.6839141845703125,0.029943322203716205,59.0,0.030982160161137733,0.5911628506146371,0.07032407585295974,252.0,0.00835057762926481,0.6182690036154243,0.05719523673716986,995.0,0.007271386578222105,0.7830135541004468,0.05902342748936873,3799.0,-0.005288399740852595,0.8491959141317411,0.04188272785318159,15223.0
4282,3158,275,2555.4701701817435,-0.03362328993120554,0.37109375,0.04170111289548073,21.0,-0.2424879164459961,0.6282196044921875,0.005043823802602931,62.0,0.037374856759322825,0.1309226017910987,0.07521667342490668,325.0,-0.01702602454145971,0.16114799454152035,0.037570089059647094,1188.0,-0.028795567683782098,0.09624878661513686,0.024481785679452472,4676.0,-0.014522187655191244,0.0245731325649512,0.03028693333120569,18781.0
4432,2880,270,1661.290181926739,-0.09024555171410749,0.62890625,0.030261718854476927,16.0,0.43631956830813606,0.071929931640625,0.5084041643532445,97.0,0.05520833761300837,0.40883714938536286,0.09023503395654997,277.0,0.12640630845550727,0.17285626660542414,0.25964099960322884,1181.0,0.1823022959409203,0.02287749408181971,0.657869425398639,4968.0,0.19615388370121686,0.0005471374342618763,0.9312633029354519,20320.0
4741,2882,315,1132.7175892918915,-0.7723157811769478,0.99609375,0.00013333146333793788,1.0,-0.6560342534323276,0.9934539794921875,1.599430296295168e-05,22.0,-0.5650186985640192,0.9981923918239772,9.025836402720699e-07,113.0,-0.7433028380262089,0.9999991303250161,1.3703292944811096e-09,325.0,-0.7100747236796382,0.9999999999815492,4.440892098500626e-16,1346.0,-0.7466634961722621,1.0,0.0,4891.0
4739,3336,475,1131.346183468038,-19.492220132353545,1.0,0.0,0.0,-5.3172448127345495,1.0,0.0,0.0,-2.524039784544536,0.9999999988358468,0.0,4.0,-2.5541859945132184,0.9999999999967984,0.0,15.0,-2.356821976074336,1.0,0.0,73.0,-2.075187950928614,1.0,0.0,588.0
4291,4103,403,2335.367230657518,0.6825296330015365,0.07421875,0.5381400661896953,29.0,-0.2459193508094226,0.76812744140625,0.004855514671537886,54.0,0.0944018621069867,0.26803122577257454,0.13084208705634204,298.0,0.08780147283984167,0.16945634340829535,0.17106432103131597,1183.0,0.11224953035334774,0.06520266330832648,0.35135663220223823,4764.0,0.13482818476357503,0.006967388721062971,0.6938064744887794,19364.0
4254,41735,288,1647.410188833329,0.8757965383974101,0.0546875,0.7203575287815251,30.0,0.5649771952044357,0.0326995849609375,0.6954532920511673,104.0,0.6402063973861495,0.0007739849388599396,0.9710210777292057,428.0,0.4650384793347491,0.0004034166432055368,0.9790781727459898,1541.0,0.37642561649754347,4.853774496047249e-05,0.9952162732268418,5767.0,0.4112631714260499,8.276959912489003e-10,0.9999999999765109,23597.0
4256,2880,378,2018.5435626889523,-0.3508964704473468,0.80859375,0.005387841806981819,12.0,-0.08603879738124474,0.6282196044921875,0.024194499339203257,62.0,-0.12077803139135014,0.7133488457184285,0.010349886922168872,234.0,-0.1379461279753766,0.8576905149666069,0.0031030262707583134,880.0,-0.05292807103255577,0.7333824682244652,0.012529588621868926,3866.0,-0.1050541103979508,0.9423955184293651,0.00044803672085613755,14580.0
4256,3332,273,668.234878780074,-8.748153587471883,1.0,0.0,0.0,-0.5279766927532634,0.9974212646484375,0.0001225896544416738,17.0,-0.48109724982069574,0.9995469367131591,8.19869221013736e-06,94.0,-0.2936798480035765,0.9998437771222761,3.601866066904602e-05,501.0,-0.15918914912321472,0.999998131829157,0.0002948125982976668,2183.0,-0.17087491597681567,0.9999999991767391,6.165131424262782e-06,9298.0
4251,3335,775,3040.66369268715,0.23700995977043288,0.23046875,0.1497618311106078,24.0,-0.2508842935531518,0.7834014892578125,0.00459413382705065,53.0,-0.1253351469769298,0.8051936628762633,0.009676898951665569,218.0,-0.3429577271204974,0.9976180289357738,6.5160792404039825e-06,618.0,-0.2322127815589198,0.9983329255232367,1.0305402715959922e-05,2894.0,-0.2586188692812556,0.9999980211577935,3.300590911692325e-09,10977.0
4254,5141,336,1365.001817360283,-1.2849191395530417,0.9921875,2.998410184584799e-07,2.0,-1.5123022718658525,0.999969482421875,0.0,2.0,-0.4958980596381229,0.9937504890840501,5.640811507445775e-06,133.0,-0.3648554489527105,0.9974080385285863,2.9084619844743642e-06,622.0,0.15444006733319446,0.24370942554171587,0.5370953475472484,4420.0,0.01357822112898066,0.8328604053622671,0.07662034880153024,15303.0
4291,36362,442,890.9567886056025,-5.230619912675806,1.0,0.0,0.0,-6.217257370737356,1.0,0.0,0.0,-8.151464451962672,1.0,0.0,0.0,-7.129144723361642,0.9999999999986228,0.0,0.0,-6.30112881710318,1.0,0.0,0.0,-2.290732564259728,1.0,0.0,286.0
4251,2541,2800,16034.392978567332,0.5561996523283033,0.15625,0.41120360876538564,26.0,0.16865962717914454,0.3160858154296875,0.15857976851084898,78.0,0.043069211549466295,0.35262711555697024,0.07978954633023372,285.0,0.059025353310758776,0.20920348831433877,0.11945709493724543,1161.0,0.17276805957866068,0.014338464704027656,0.6176695231157737,5048.0,0.08290286734715707,0.056637487677516356,0.37375407330995947,18326.0
4251,3338,1075,6196.52246297539,-0.6343631495883634,0.9609375,0.00050820799052953,6.0,0.4144147485926705,0.07952880859375,0.4751017071058594,96.0,0.8874301719646972,3.702007234096527e-05,0.9994469093564815,463.0,0.5925589694267883,3.269839924213412e-05,0.9988324760640155,1637.0,0.6471856732199749,9.718090776583983e-10,0.9999999999998779,6652.0,0.5224162509147849,3.3094043204698e-13,1.0,24971.0
4282,2556,450,2680.342982989505,0.22145103151831624,0.23046875,0.14068830912958064,24.0,0.06672274908593341,0.3717803955078125,0.08229755058417876,75.0,0.061485404838170325,0.21597232948988676,0.09601936382560772,307.0,0.041119568232221244,0.2111252457153065,0.09351504823425294,1160.0,0.08534028397004129,0.07923318139458174,0.24683649889476578,4721.0,0.08090971741940985,0.03759719982251286,0.36176968998286496,18558.0
4740,3335,527,1243.9637754200753,-2.7696145993717747,1.0,2.3314683517128287e-15,0.0,-2.766540325724423,1.0,0.0,0.0,-0.6912491982192508,0.9999330651480705,2.1300113672850784e-08,72.0,-0.8381549431567163,0.9999999543693333,1.005384664409803e-11,241.0,-0.9248518740109152,0.9999999999999982,0.0,818.0,-0.899961820302665,1.0,0.0,3313.0
4740,2541,1904,5831.703488873092,-0.9520277116454433,0.97265625,1.9288097571679153e-05,5.0,-1.361530347007471,0.999786376953125,0.0,7.0,-1.4836458452541217,0.9999999681022018,0.0,16.0,-1.917114509853412,0.9999999999948128,0.0,23.0,-1.5180025503366847,1.0,0.0,203.0,-1.5416555134818732,1.0,0.0,846.0
4725,2538,539,2593.6062176070404,-0.30973264927244143,0.76953125,0.007275470451917565,13.0,0.2806553335248475,0.2165985107421875,0.2834179827165004,84.0,0.14956504612750246,0.35262711555697024,0.2069104348342763,285.0,0.11447358011723173,0.3490541689362876,0.2299880626764197,1098.0,0.09010698105388355,0.35002229395964635,0.2640734529081248,4290.0,0.05978413678525178,0.4855374872190035,0.2448317466165153,16491.0
4725,1259,979,5730.216943340467,0.9485891144075397,0.0546875,0.7785295322750962,30.0,0.30563058713759717,0.14892578125,0.3165361658936853,89.0,0.03644471249286486,0.40883714938536286,0.07448908661129738,277.0,0.42197916309485717,0.0008747690952820986,0.9549044544223407,1508.0,0.08867987837495148,0.0661146346720201,0.25884930948989315,4761.0,0.0945659552379566,0.017802992683317385,0.4459844476295899,18940.0
4723,4855,308,879.6611174707383,-10.765426056140651,1.0,0.0,0.0,-4.9198177229096665,1.0,0.0,0.0,-1.3401456163934848,0.9999802522361279,1.709743457922741e-14,60.0,-1.4174370573911335,0.9999999903132126,0.0,200.0,-1.3174628197422176,0.9999999999999997,0.0,734.0,-1.2682644897108395,1.0,0.0,2745.0
9520,2555,324,1361.362781813741,-6.6548877943341465,1.0,0.0,0.0,-3.786128541440459,1.0,0.0,0.0,-3.21861466219726,1.0,0.0,0.0,-2.1731669293321967,0.9999999999974325,0.0,8.0,-2.241667891468258,1.0,0.0,28.0,-1.7575823196952343,1.0,0.0,440.0
4725,2541,1232,3722.1811906474304,-1.0327201985735326,0.98828125,7.541384201781298e-06,3.0,-1.4521467922837197,0.9999237060546875,0.0,4.0,-1.487250097865148,0.9999999743886292,0.0,15.0,-1.7872519838551335,0.999999999995073,0.0,22.0,-1.4540664214133703,1.0,0.0,188.0,-1.4907947562005914,1.0,0.0,892.0
4254,3340,408,1763.7077443799417,0.5319723539017056,0.19140625,0.38745491675423893,25.0,0.232971403844227,0.6839141845703125,0.22520451702462063,59.0,0.2935056951417114,0.518383391899988,0.49166079376619076,262.0,0.39533997179517855,0.04532883206668293,0.9310448721481411,1293.0,0.4451709253056059,0.000316105794299252,0.999616754362394,5565.0,0.4450079286357677,4.2078913138635054e-07,0.9999999999994609,22289.0
4254,1010947,264,843.4939849763286,-0.6393893573894192,0.92578125,0.0004850926500052921,8.0,-0.4936902922890963,0.9583740234375,0.00020335194329890172,35.0,-0.30676108931934126,0.9614759690593928,0.00041399205047709664,170.0,-0.2993772288260901,0.9930729135700329,2.977850189267439e-05,672.0,-0.28179935266317774,0.9992864233094687,7.311824415934254e-07,2787.0,-0.3252055775115902,0.999999916345611,0.0,10243.0
4723,2539,286,1622.2749142421271,0.248745028134901,0.37109375,0.15685602378916608,21.0,-0.10718171549081797,0.6657257080078125,0.019947570471271825,60.0,-0.2031928521602744,0.8481064073275775,0.0028052044850219726,209.0,-0.1589148659242595,0.8404813600249349,0.0018499949711329178,891.0,-0.14103142394609364,0.9193527004541553,0.0006146470116579206,3539.0,-0.0726496526545798,0.7825566404411961,0.002522295433722954,15522.0
4360,1259,712,4570.83368896611,0.9149319019824047,0.09765625,0.7525399366552991,28.0,-0.1166830638789538,0.752288818359375,0.018255489411629355,55.0,-0.28471749864564916,0.952727924566716,0.000638316534669614,175.0,0.07230689645545794,0.29401676994044595,0.14172690400375276,1121.0,0.2494255153526176,0.0026976307342914257,0.8773804172289512,5298.0,0.4062858937330318,1.0902379212981611e-09,0.999999999959993,23544.0
4542,3338,258,1855.958406033571,1.019968431724907,0.01171875,0.8281126018221482,34.0,1.3984355724360626,4.57763671875e-05,0.9998822150958228,134.0,1.8700387899832756,6.984919309616089e-10,1.0,526.0,1.4034670620936953,3.834798410034436e-11,1.0,2013.0,1.4576125327958545,2.3103539306003245e-20,1.0,7985.0,1.532381732647705,5.442147217888618e-39,1.0,31875.0
4281,2880,270,1213.1258235234775,-1.0652352412557764,0.98828125,5.100381589406844e-06,3.0,-0.7396337390203557,0.9945068359375,3.732318484717112e-06,21.0,-0.6262417374778674,0.9983104048296809,1.5741617542808228e-07,112.0,-0.3256631037407374,0.9881012518006281,1.2072429281140273e-05,702.0,-0.42118196640939665,0.9999710800303035,0.0,2437.0,-0.4912040109731716,0.9999999999171716,1.887379141862766e-15,8870.0
4256,2556,378,1991.9202475931436,0.04919576101352668,0.47265625,0.06444207338117669,19.0,-0.04929991550111703,0.5895538330078125,0.033372033533305645,64.0,-0.05813622351035164,0.6677392285782844,0.02461222535215135,241.0,-0.16359573507749797,0.935508300014688,0.0016425493076948072,813.0,-0.07195250258510426,0.8225444914276738,0.007052343048061571,3739.0,-0.09390977353582372,0.9460007443434455,0.0008348849889009413,14542.0
4251,3336,625,3739.298345114085,-1.0023191530011477,0.98828125,1.0798341999129768e-05,3.0,-0.9083230524804762,0.998321533203125,1.45472471069219e-07,15.0,-0.5285240197797322,0.9963333297055215,2.4171587179599996e-06,124.0,-0.38507359070459096,0.9968831426172385,1.3458746104255681e-06,631.0,-0.35303784986273706,0.9995685592507046,9.173963366748694e-09,2727.0,-0.36635621153575076,0.9999998770122793,2.290769574031515e-09,10328.0
4367,3335,279,793.3300572598141,-6.430978738002973,1.0,0.0,0.0,-4.108339016085702,1.0,0.0,0.0,-0.8104372379011006,0.999962979927659,0.0,66.0,-0.6975540739373162,0.999999696586877,0.0,294.0,-0.726934489076433,0.9999999999979362,1.1102230246251565e-16,1213.0,-0.6092551257569021,1.0,0.0,5998.0
4251,4855,700,3051.739159040768,-1.719570178494279,1.0,0.0,0.0,-1.236396969897341,0.9998931884765625,0.0,5.0,-0.7081993275735097,0.9997640924993902,1.2360028445179694e-08,86.0,-0.5873434860163489,0.9999826026585644,0.0,421.0,-0.5701585922706917,0.9999999970460307,5.570111039077119e-11,1681.0,-0.5041913826767858,0.9999999999999828,3.3306690738754696e-16,7458.0
4738,36362,510,952.5200263414168,-6.122865933844817,1.0,0.0,0.0,-7.569430075619595,1.0,0.0,0.0,-6.597763963810439,1.0,0.0,0.0,-4.794283807315896,0.9999999999982373,0.0,0.0,-5.454041914240979,1.0,0.0,0.0,-4.997479479917191,1.0,0.0,0.0
4258,36362,714,1583.2981404679929,-2.0977861699175726,1.0,0.0,0.0,-2.3304358182803515,1.0,0.0,0.0,-1.849000780190057,0.9999999997671694,0.0,1.0,-2.023315719132207,0.9999999999976651,0.0,6.0,-2.338336624594742,1.0,0.0,6.0,-2.5300942849953163,1.0,0.0,6.0
4432,2881,435,2760.780811021229,-0.6854825169608707,0.9453125,0.00031409967979179054,7.0,-0.5196027119443616,0.953277587890625,0.00013893018607258334,36.0,-0.39519925693513797,0.9727597588207573,6.32622815455175e-05,162.0,-0.5250571715297033,0.9998476450526279,2.0863618610533763e-09,500.0,-0.37027677405413995,0.999845511294495,2.0162426173087056e-09,2611.0,-0.2601332359324774,0.999876233444707,2.592103198750806e-09,12102.0
4281,2556,270,1608.879335560618,0.25079461021472205,0.15625,0.15811718398382202,26.0,0.028956299349887745,0.4499664306640625,0.06249714538888673,71.0,0.08566949726769309,0.27417157404124737,0.12085144180330687,297.0,0.049335084359585224,0.3246426083868328,0.10484904086182134,1108.0,0.075671075162458,0.16595150629531114,0.213804511366242,4536.0,0.0867016881448108,0.06613402687340879,0.3969278229436566,18233.0
4281,4855,420,2640.386589279045,0.2299782408317955,0.3203125,0.14561425958241514,22.0,0.33833535554987315,0.105712890625,0.3621854464798957,93.0,0.476034762331795,0.004669796675443649,0.8385430573480537,401.0,0.3254087367669624,0.00412620634809578,0.823890568429219,1435.0,0.2776987185051382,0.0004063466957292219,0.9305826416020828,5536.0,0.48975265085661945,5.826491577683615e-14,0.9999999999999977,25248.0
4432,4855,420,1811.0666145294035,-2.710566428674329,1.0,8.881784197001252e-15,0.0,-2.213834840313809,0.9999847412109375,0.0,1.0,-0.8725241833634702,0.9999728326220065,0.0,63.0,-0.8868517601879915,0.9999999620796131,6.475930902638538e-13,236.0,-0.7173338695709958,0.9999999999971059,2.220446049250313e-16,1233.0,-0.5826081408985769,1.0,0.0,6121.0
4741,3338,645,976.6097929128196,-223.856536360184,1.0,0.0,0.0,-227.25422908701216,1.0,0.0,0.0,-1.5869654248973162,0.9999993562232703,0.0,33.0,-2.2639645330929787,0.9999999999685373,0.0,66.0,-1.7222240993366023,1.0,0.0,398.0,-1.7868234452092076,1.0,0.0,1550.0
4256,4855,588,2625.093026048144,-2.0554042030329076,1.0,0.0,0.0,-1.3765071433142009,0.9999542236328125,0.0,3.0,-0.5918831905921801,0.9988865128252655,4.259413324270156e-07,106.0,-0.5498180062529551,0.9999364316755208,2.1438806285800638e-10,467.0,-0.48340420942512957,0.9999998332958028,0.0,1982.0,-0.5070018894926793,0.9999999999999857,2.220446049250313e-16,7430.0
4282,6115,275,2813.403138083293,0.4974619151921536,0.125,0.354339467112452,27.0,0.15671985467906294,0.201873779296875,0.1477997960359433,85.0,0.052197039491974774,0.3058461030013859,0.08755374550754458,292.0,0.09632432176934017,0.13060910012268523,0.18874839417852107,1208.0,0.09441652748472486,0.05607451934253838,0.28016865845157546,4796.0,0.07023216421820111,0.013604965958703426,0.3000976926669432,19067.0
4291,4855,364,2182.03440375414,-0.18156961276858596,0.421875,0.017330115287350067,20.0,0.22472759876636358,0.1156005859375,0.21587315318587352,92.0,0.37661976119273627,0.010255847126245499,0.6695856646775231,387.0,0.32891755290700664,0.0011981914858087775,0.8309832179579594,1494.0,0.23305167839777594,0.0005751391271644243,0.8358979968272792,5495.0,0.3302732980432294,1.3454592104614651e-08,0.9998557420674098,23042.0
4723,2538,539,2556.790014528045,-0.6538438520859627,0.9453125,0.00042392002290436714,7.0,0.020313759788550254,0.752288818359375,0.05853573927115452,55.0,-0.0556329313627776,0.8609351590275764,0.025422500888236055,206.0,-0.0063731822991718425,0.81845703979687,0.045009775096146454,904.0,0.0018805913691046221,0.8137515908232866,0.05222097152757166,3753.0,0.00045553986332865924,0.8631436934846913,0.05075422034038235,15150.0
4281,1800,300,1941.7913905646724,3.1569192548468172,0.00390625,1.0,36.0,1.9998903575256866,3.0517578125e-05,0.9999999999999993,135.0,1.6914514845426318,1.0011717677116394e-08,1.0,518.0,0.8105027421500544,4.1391197657705136e-07,0.9999999999553454,1777.0,1.1313935346322448,1.0332298026568163e-17,1.0,7698.0,1.3464028692491343,2.5323680198568006e-37,1.0,31523.0
4739,3335,589,1362.84227465104,-4.152350579439118,1.0,0.0,0.0,-4.719360420900676,1.0,0.0,0.0,-0.7738979567702085,0.9999698493629694,8.645379967475719e-10,64.0,-1.024671986149851,0.9999999944076816,1.1102230246251565e-16,187.0,-1.0439330509838876,0.9999999999999996,0.0,753.0,-0.9488481902813697,1.0,0.0,2957.0
4251,1009377,275,1376.0862291102371,-0.533066609275149,0.875,0.0012538188746430423,10.0,-0.5782678198056163,0.963043212890625,5.663576687064964e-05,34.0,-0.5588568441401098,0.9973203896079212,1.0681980064930485e-06,119.0,-0.4559543743456457,0.9992197470137676,7.369676435775574e-08,567.0,-0.36867653848221105,0.9999392526002869,2.5527688851667563e-09,2512.0,-0.3043200134480405,0.9999918020469181,0.0,11338.0
4258,3336,525,2135.5935019159706,-2.1263486098580446,1.0,0.0,0.0,-2.077088602059305,1.0,0.0,0.0,-1.1917365087200782,0.9999991334043443,7.839062732273305e-12,35.0,-1.1604892616563298,0.999999999164193,0.0,139.0,-1.213467736093785,1.0,0.0,495.0,-1.2451952094721965,1.0,0.0,1830.0
4741,4855,420,1166.5677396243464,-2.900664236235828,1.0,1.1102230246251565e-16,0.0,-3.2559979727681543,1.0,0.0,0.0,-1.2454672629420431,0.9999977017287165,9.244827126053679e-13,42.0,-1.3828627692834836,0.9999999985625562,0.0,152.0,-1.292942185797551,1.0,0.0,639.0,-1.2918857970501656,1.0,0.0,2671.0
4741,3335,465,1097.6323492931856,-2.0669938280454265,1.0,0.0,0.0,-2.246823065955851,0.9999847412109375,0.0,1.0,-0.687890107360132,0.9999024644494057,2.3878685362355156e-08,76.0,-0.8362087160049951,0.9999999543693333,1.1183720616259052e-11,241.0,-0.9185456569405056,0.9999999999999987,0.0,803.0,-0.8296779438616909,1.0,0.0,3430.0
4282,6535,275,817.9259386272056,0.13379734325145742,0.62890625,0.09653086088732232,16.0,0.08165093442065292,0.6839141845703125,0.09131034027228935,59.0,-0.06609462324658603,0.9425075468607247,0.022178787785211762,180.0,-0.07433708734639499,0.9861043478164795,0.01276740621303607,711.0,-0.1260065465157189,0.9989804509283294,0.0010959995059505179,2831.0,-0.16061208569969004,0.9999990370822178,1.288937524868139e-05,10802.0
4360,2541,896,5231.962532629485,0.3829041133122485,0.19140625,0.25298082763887997,25.0,0.012168003338644786,0.530059814453125,0.054984937653498545,67.0,-0.19463793274512622,0.888010612456128,0.0032409481427435605,199.0,-0.22912435325934494,0.9464861245982206,0.0002716717566136895,799.0,-0.11293920198077126,0.8864962001972629,0.001773631464040304,3620.0,-0.08702587880049951,0.7957094628919157,0.0012083352716708573,15468.0
4254,3338,1032,5255.237310506112,-2.9317200389551976,1.0,1.1102230246251565e-16,0.0,-1.420440040468791,0.9998931884765625,0.0,5.0,-0.1547313744718359,0.8806795144919306,0.006185245346796098,201.0,0.14270627578577408,0.31508046958428665,0.3031162336570228,1112.0,0.195290343622588,0.07179361097500685,0.7098034035849234,4743.0,0.14695284475104556,0.05066389699692837,0.7580823022173324,18391.0
4256,2881,609,4081.439457412866,-0.2883369911653963,0.7265625,0.008469340562419991,14.0,-0.015121274108170763,0.4899749755859375,0.044314360565424926,69.0,0.1320351697722472,0.2105629900470376,0.18031081595215315,308.0,0.14655573092860072,0.05959427380941893,0.31383980580273885,1273.0,0.10282918935418489,0.059653594120679214,0.312891723007537,4783.0,0.045581407095049147,0.21398727671347467,0.17944435156011207,17388.0
4740,2881,493,3980.3692182491736,0.5337225591761083,0.15625,0.38915807732156604,26.0,0.7360095386445439,0.0065460205078125,0.8774841273496228,115.0,0.9817831754681147,2.298271283507347e-06,0.9999225681207702,487.0,0.8100197619333841,3.93538555297067e-08,0.9999999999541868,1843.0,0.7697573706592588,8.093531496328523e-14,1.0,7230.0,0.8821457623404804,1.8327905099653135e-29,1.0,29741.0
4282,2555,450,3910.674137166091,-0.7127063565500539,0.9609375,0.00024139518932375648,6.0,-0.1892245675661837,0.752288818359375,0.008921683588059337,55.0,-0.20040924670538096,0.8102867223788053,0.0029408100850224494,217.0,-0.08869192855762721,0.6284261093266155,0.009466860359381601,991.0,0.06384356090673755,0.14605119182209225,0.177121801453763,4571.0,0.06381197454933983,0.05530648392438057,0.26547062534989696,18340.0
4251,2540,275,1900.960433007911,0.5566712784241813,0.125,0.4116693449563855,27.0,0.8690794094991523,0.003814697265625,0.952401410192654,118.0,0.5567822561418713,0.004142033169046044,0.9243414713054195,403.0,0.4812985972628932,0.00032406798490000637,0.9847569761553165,1550.0,0.3792234189304701,2.2893855705105348e-05,0.995636463323295,5842.0,0.39824570032824724,6.076856919176899e-10,0.9999999999066687,23656.0
4723,3335,341,818.227396764224,-2.457309841694959,1.0,0.0,0.0,-3.2042138973632945,1.0,0.0,0.0,-0.7739647052963368,0.9999547267798334,8.586207300709248e-10,68.0,-0.8736401281330954,0.9999999606461445,1.38311584407802e-12,237.0,-0.9396195738322398,0.9999999999999996,0.0,750.0,-0.848913298623221,1.0,0.0,3150.0
4722,2541,1232,3696.1131324154217,-1.0496878879602614,0.98828125,6.154880011655095e-06,3.0,-1.4144143230617374,0.9999237060546875,0.0,4.0,-1.488120599235716,0.9999999743886292,0.0,15.0,-1.9130261798907628,0.9999999999960766,0.0,17.0,-1.5195291823660486,1.0,0.0,180.0,-1.5171482502324158,1.0,0.0,844.0
4281,1121,330,1075.0376284492943,-0.8512397894734638,0.98046875,5.8586053416354034e-05,4.0,-0.6831789139242203,0.9934539794921875,1.0080562729886111e-05,22.0,-0.3033874403539612,0.9614759690593928,0.0004427568139077076,170.0,-0.29768848480484905,0.9939259748189023,3.151240836618552e-05,665.0,-0.2977360390154957,0.9999464696410452,2.927570265098822e-07,2499.0,-0.3101209691740526,0.9999999888623505,0.0,9815.0
4251,2880,450,3036.1260319692,-0.16116136634750988,0.52734375,0.019714915544865486,18.0,0.3865809450364327,0.0522918701171875,0.4330579357258425,100.0,0.24786815443001814,0.10158931463956833,0.3922938126090496,333.0,0.3804767071458843,0.0024355285314899655,0.9140330926658501,1461.0,0.3553164252981265,0.00016172133608879254,0.990702470952867,5640.0,0.37520370361957284,1.608089511389962e-08,0.9999999990330228,23005.0
4282,5701,275,860.0096757387142,-0.3944888790559155,0.90234375,0.0038746771606821273,9.0,-0.020146584656084616,0.6282196044921875,0.04254439652773023,62.0,-0.05813413941052977,0.7133488457184285,0.024612890822690026,234.0,-0.08892765879150663,0.7869529288292043,0.009419560089194423,921.0,-0.11809608658911196,0.8987949963561893,0.0014702972033233674,3592.0,-0.1358622488464819,0.9764767392241891,6.867145999189805e-05,14093.0
4256,1259,1869,12892.870472240544,1.7886490522980074,0.0078125,0.9979030729097333,35.0,0.365854955629892,0.1372222900390625,0.40220471571066807,90.0,0.2531910058811767,0.08881217963062227,0.40365364958486094,337.0,0.5423224698308551,8.105245359504348e-05,0.9959336102692005,1604.0,0.4637694797669002,1.5009751668126972e-06,0.999824138137562,6092.0,0.4232645499746454,5.134015606986402e-10,0.9999999999936595,23688.0
4255,1259,1691,12480.909734533008,2.114074379805148,0.0078125,0.9998768646883037,35.0,0.7327056349556962,0.014495849609375,0.8749137465286383,110.0,0.6744983543595964,0.0004530632868409157,0.9814897829028373,435.0,0.862504373008592,1.3067541905105905e-07,0.9999999999974005,1810.0,0.49003041660282076,5.702775519941062e-07,0.9999999852232343,6174.0,0.6708669958503451,1.496791486185206e-18,1.0,26779.0
4291,1259,1157,6502.208276834648,1.2172061820015496,0.01171875,0.9252532949696445,34.0,-0.16853660679493065,0.5500335693359375,0.01102071999079024,66.0,-0.3864198254293753,0.9446759722195566,7.701128803050405e-05,179.0,0.013964327368870827,0.38940276126156215,0.062473888557458834,1082.0,-0.05367815438821523,0.494307721955256,0.012258458503230929,4134.0,0.2941845421608811,6.427358202860885e-07,0.9988541202277668,22190.0
4740,4855,476,1328.7964897531197,-5.84993552548468,1.0,0.0,0.0,-4.126759573401343,1.0,0.0,0.0,-1.42759131268037,0.9999977017287165,3.3306690738754696e-16,42.0,-1.4604349118483253,0.999999998237479,0.0,157.0,-1.4591288486082605,1.0,0.0,609.0,-1.2199228677018084,1.0,0.0,2780.0
4741,3336,375,879.3537537178141,-13.206113824694755,1.0,0.0,0.0,-4.823042418491834,1.0,0.0,0.0,-2.451402933233868,0.9999999983701855,0.0,5.0,-2.4836017025586314,0.9999999999953088,0.0,21.0,-2.219655405284923,1.0,0.0,124.0,-2.07191746887509,1.0,0.0,657.0
4291,2538,637,2886.0608906060334,-0.4187720627321834,0.84375,0.0032078670889689187,11.0,0.14307159427327265,0.3909759521484375,0.13609109166424993,74.0,-0.0051626254405523105,0.7380410307087004,0.04712158180253967,230.0,-0.02959923084700319,0.7730715559966711,0.03011400676367526,928.0,-0.055752969823646796,0.9168377071176483,0.011534801945284556,3546.0,-0.051061492922829244,0.9626137922691657,0.006953143105745796,14335.0
4723,3336,275,690.161163948781,-6.6130945639541965,1.0,0.0,0.0,-3.984864352211773,1.0,0.0,0.0,-2.3109796828653133,0.999999996740371,0.0,7.0,-2.3250667912477327,0.9999999999937557,0.0,27.0,-2.063522849683595,1.0,0.0,161.0,-2.0142721756732027,1.0,0.0,699.0
9520,1121,396,2334.277347600326,3.9090951472169624,0.00390625,1.0,36.0,3.360293097397676,1.52587890625e-05,1.0,136.0,2.090202004965065,4.423782229423523e-09,1.0,521.0,1.372262231279064,9.669232948217951e-11,1.0,1992.0,1.4730489294094653,3.214840544504727e-20,1.0,7970.0,1.374301899423146,4.988934441991154e-37,1.0,31460.0
4282,1121,550,1764.4267550606692,0.2660089923210318,0.2734375,0.16768459334201757,23.0,-0.13904405532940076,0.6657257080078125,0.01474902107809084,60.0,-0.008433389728396403,0.5695349317975342,0.04536775590870956,255.0,-0.12722384214271626,0.9168687548670627,0.004002952230184098,833.0,-0.24082836456772042,0.9993953171227327,6.648661925012789e-06,2767.0,-0.3242585005231864,0.9999999878465357,0.0,9833.0
4255,2881,551,3495.598568710302,-0.7771864998907198,0.97265625,0.00012688633537549787,5.0,-0.4489372320065203,0.912322998046875,0.0003840592041626234,42.0,-0.3260044827823197,0.9281109247822315,0.000280451858419406,186.0,-0.17313146394328177,0.8500302711445691,0.00128405055200298,885.0,-0.20211410408685437,0.9538831372170237,4.438000292594779e-05,3420.0,-0.19102175946411873,0.9962614655975586,1.3449605965609734e-06,13276.0
4282,5141,350,2595.5546854446934,2.6597756911332344,0.00390625,0.9999999999999732,36.0,1.7916383390140502,7.62939453125e-05,0.9999999999996154,133.0,1.7304968310981221,1.0011717677116394e-08,1.0,518.0,1.6359263716150496,1.4917835509440457e-11,1.0,2034.0,1.620082952868785,2.8315979648727823e-21,1.0,8079.0,1.545103803427627,1.9443477062798323e-39,1.0,31968.0
4281,3338,645,4664.745666146138,0.6028127949549048,0.07421875,0.4577118923482957,29.0,1.2269372187768717,0.0002899169921875,0.998766734334063,129.0,1.7076073338158222,4.423782229423523e-09,1.0,521.0,1.2591595338497312,2.9584377497302026e-10,1.0,1966.0,0.7773842690812784,1.4772681789232526e-12,1.0,7063.0,1.0851843900266123,2.566154927521304e-32,1.0,30414.0
4258,6823,273,1844.8022613943367,-2.3511692196708993,0.99609375,0.0,1.0,-0.6500164884541403,0.980682373046875,1.7692488628928693e-05,29.0,-0.7791838644568294,0.9997832761146128,3.840423534740012e-10,85.0,-0.7961024876103301,0.9999997701097084,9.524403488114785e-11,286.0,-0.2927439196991235,0.9964240622951844,3.905624047506606e-07,2997.0,-0.3490623045212875,0.999999736949988,1.1685221013024716e-08,10499.0
4740,2880,306,1436.465953113116,-0.5495202254214473,0.875,0.0010876755418233186,10.0,-0.30977206424629394,0.8738861083984375,0.0023233268901837745,46.0,-0.4612628707754951,0.9933848357759416,1.3397885357369077e-05,134.0,-0.45560882587054546,0.9995965833567945,7.482981889683771e-08,539.0,-0.38101662577965417,0.9999673668258606,4.018038124442569e-10,2449.0,-0.3928463894402092,0.9999999958225566,1.633556623303889e-10,9616.0
4255,3336,475,2551.8834166822417,-1.208808137928807,0.9921875,8.313257093828241e-07,2.0,-1.2304674813656138,0.9997100830078125,0.0,8.0,-0.6855068005087345,0.99974340130575,2.5849317575321606e-08,87.0,-0.46725699436389134,0.9997063117380603,4.510985573968895e-08,526.0,-0.4983314519471037,0.9999997221441007,8.602984991057383e-09,2023.0,-0.5159121047090603,0.9999999999997802,1.1102230246251565e-16,7859.0
4254,6115,264,2560.6607836586863,0.18127333999525816,0.421875,0.11899811979048536,20.0,-0.018575208590532508,0.5500335693359375,0.043091607113059704,66.0,-0.07382329859322069,0.5622769985347986,0.020013085864545865,256.0,-0.0743076880199213,0.5716445535009568,0.012775077067845864,1013.0,-0.03900287528135761,0.42642013046409555,0.018590148530277073,4206.0,-0.06794951737569062,0.5208479988004888,0.003174707109791397,16386.0
4256,6823,273,2275.938272168106,0.6298500617711944,0.09765625,0.4849769707092486,28.0,0.8040840434193156,0.0045928955078125,0.9224085571906011,117.0,0.3324957010185541,0.024884693091735244,0.577203879392429,369.0,0.38178154009636905,0.0029928434547047524,0.9156419096239907,1451.0,0.601027300117961,2.1573684592061884e-09,0.9999999999947635,6597.0,0.5719282905152632,1.0458580555129786e-16,1.0,26192.0
4255,4855,532,2432.570375834066,-1.168673963807837,0.99609375,1.400328212053381e-06,1.0,-0.7393800988442033,0.996185302734375,3.7494058116038786e-06,19.0,-0.5060484584150028,0.9947454135399312,4.347942823001993e-06,130.0,-0.4267052754780537,0.9981874871044766,2.540406087714331e-07,605.0,-0.42708881576612656,0.9999759074088915,0.0,2419.0,-0.4857441143416698,0.9999999999997319,3.885780586188048e-15,7891.0
4258,4855,588,4618.908424592835,1.0624701501387759,0.01953125,0.8539400683855088,33.0,1.5147899948629073,0.000152587890625,0.9999808690663198,131.0,1.4958855174533134,3.934837877750397e-08,1.0,512.0,1.4057577058997268,8.119582041859587e-11,1.0,1996.0,1.4926688429783503,3.009497487798474e-20,1.0,7973.0,1.1022808339325827,2.6708671494197623e-32,1.0,30410.0
4725,4855,308,913.057646516424,-4.112491976094203,1.0,0.0,0.0,-2.618651887884173,1.0,0.0,0.0,-1.1565824122516262,0.9999919838737696,3.02254887785125e-11,52.0,-1.2712477090580043,0.9999999840400768,0.0,213.0,-1.1701064058807669,0.9999999999999993,0.0,769.0,-1.1677961699480388,1.0,0.0,2875.0
4255,4891,304,1605.4949434527207,3.0773648408991274,0.00390625,1.0,36.0,2.1234271436290975,3.0517578125e-05,1.0,135.0,2.1590886001980225,1.1641532182693481e-09,1.0,525.0,1.469756027903091,1.1880673788711193e-11,1.0,2039.0,1.6228273768795742,6.155005459415507e-22,1.0,8146.0,1.828943916180053,1.4481176357621785e-42,1.0,32604.0
4367,2541,1008,5529.957905533956,-0.09432663667916445,0.6796875,0.029548693080912347,15.0,-0.31159072183579845,0.928070068359375,0.002273212127030466,40.0,-0.47250680603513434,0.9930010347161442,1.0156613511558277e-05,135.0,-0.7573648218726796,0.9999989734612587,6.851986755762596e-10,330.0,-0.4776958080814392,0.9999997221466537,0.0,2023.0,-0.29247693045684026,0.9999970388854043,0.0,11077.0
4254,6112,336,3042.162762358076,-0.06483217555460641,0.47265625,0.03502765938239294,19.0,-0.09440463955661299,0.4499664306640625,0.022431105768975446,71.0,0.07466892762951947,0.15189359267242253,0.10904638479222528,320.0,-0.01965763935454333,0.19785354746686595,0.035895905090364666,1167.0,0.03175630419401844,0.03389353021180648,0.09896312577424626,4896.0,0.005986488045527058,0.013663811433982233,0.06065197510682385,19065.0
4251,4104,275,2102.560368397368,-0.4349634736309737,0.80859375,0.0028224414026840616,12.0,0.07851889786379536,0.3717803955078125,0.0893612605630858,75.0,0.3652276925722789,0.03852403094060719,0.6464556300612566,359.0,0.3802149063692986,0.0048258478331261925,0.9137075561482487,1427.0,0.18074683151723542,0.09304223770304482,0.6514179931567047,4684.0,0.1990885928455519,0.026529924651793303,0.937250636494877,18742.0
